💻 PROJECT TRACKER - MODULAR SYSTEM,,,,,,,,,,,
,,,,,,,,,,,,
Project Name,Module,Task Name,Description,Start Date,Deadline,Status,Progress (%),Priority,Dependencies,Notes,
,,,,,,,,,,,,
=== PROJECT 1: Student Portal System ===,,,,,,,,,,,,
Student Portal,Authentication,Design Login UI,Create login/register page layout,2026-03-19,2026-03-22,✅ Completed,100,🔴 High,None,,
Student Portal,Authentication,Backend Auth Logic,JWT token auth with PHP/Node,2026-03-22,2026-03-26,🔄 In Progress,50,🔴 High,Design Login UI,,
Student Portal,Authentication,Password Reset Flow,Email-based reset system,2026-03-26,2026-03-30,⏳ Not Started,0,🟠 Medium,Backend Auth Logic,,
Student Portal,Dashboard,Dashboard Layout,Main dashboard with widgets,2026-03-28,2026-04-03,⏳ Not Started,0,🔴 High,Authentication,,
Student Portal,Dashboard,Stats & Charts,Add Chart.js graphs,2026-04-03,2026-04-08,⏳ Not Started,0,🟠 Medium,Dashboard Layout,,
Student Portal,Reports,Report Generation,PDF export of student data,2026-04-08,2026-04-15,⏳ Not Started,0,🟠 Medium,Dashboard,,
Student Portal,Reports,Filter & Search,Advanced filtering system,2026-04-10,2026-04-18,⏳ Not Started,0,🟢 Low,Report Generation,,
Student Portal,Notifications,Notification System,Real-time alerts,2026-04-15,2026-04-25,⏳ Not Started,0,🟠 Medium,Dashboard,,
Student Portal,Notifications,Email Notifications,SMTP email integration,2026-04-20,2026-04-30,⏳ Not Started,0,🟢 Low,Notification System,,
,,,,,,,,,,,,
=== PROJECT 2: Personal Portfolio ===,,,,,,,,,,,,
Portfolio,Design,Wireframe & Layout,Sketch all pages,2026-03-19,2026-03-23,🔄 In Progress,70,🟠 Medium,None,,
Portfolio,Design,UI Implementation,Build with HTML/CSS/Tailwind,2026-03-23,2026-03-30,⏳ Not Started,0,🟠 Medium,Wireframe,,
Portfolio,Content,Projects Section,Add project cards with links,2026-03-30,2026-04-05,⏳ Not Started,0,🟠 Medium,UI Implementation,,
Portfolio,Content,About & Skills Section,Bio and tech stack display,2026-04-05,2026-04-10,⏳ Not Started,0,🟢 Low,Projects Section,,
Portfolio,Deployment,Deploy to GitHub Pages,Push and configure domain,2026-04-10,2026-04-12,⏳ Not Started,0,🟠 Medium,All Content,,
,,,,,,,,,,,,
=== ADD NEW PROJECT BELOW ===,,,,,,,,,,,,
[Project Name],[Module],[Task Name],[Description],[Start Date],[Deadline],[Status],[Progress %],[Priority],[Dependencies],[Notes],
